epoch,train_loss,train_accuracy,validation_loss,validation_accuracy,validation_balanced_accuracy,validation_macro_f1,validation_macro_roc_auc,epoch_seconds,inner_fold
1,0.8354668668056969,0.6185402237613212,1.004403148201986,0.5912863070539419,0.5671410543228746,0.549418752360353,0.8748935453477871,7.332211300032213,0
2,0.6567613834006137,0.7165689930740543,1.1636359859180647,0.5228215767634855,0.5755229346961371,0.4494820511511707,0.8631540931100835,7.266767699969932,0
3,0.600473096888943,0.7405434203516249,0.5793221758608996,0.7282157676348547,0.7345642115989178,0.7324325096692718,0.9099099444543728,7.275802699965425,0
4,0.542652163136558,0.780500799147576,1.1541823206538977,0.5767634854771784,0.5825038175869435,0.5114350021958717,0.8897044348534303,7.265325500047766,0
5,0.4919779811473241,0.8002131060202451,0.8041082380718215,0.6825726141078838,0.7161702380494942,0.671791998277838,0.8721809170251665,7.253241400001571,0
6,0.4460481532596818,0.8231220031965903,1.584010774231056,0.5518672199170125,0.543934092723601,0.4627268845816314,0.8363202586146913,7.311421599937603,0
7,0.4078909117107259,0.8343100692594566,0.7073194726343224,0.7219917012448133,0.753838756228039,0.7136916019913476,0.9407681048406932,7.291642800089903,0
8,0.3826431225256902,0.853489611081513,0.9187487683479222,0.6327800829875518,0.671777447845287,0.5770649177834807,0.9335973219869088,7.335251400014386,0
9,0.3598806264556718,0.8604155567394779,0.7357911269694443,0.7116182572614108,0.747249505101264,0.702893231125724,0.9520211439706092,7.265108700026758,0
10,0.3014829021044468,0.8833244539158231,1.3289455402317878,0.5809128630705395,0.6263990406578346,0.5065314880962363,0.9005099288956399,7.368891700054519,0
11,0.2813990934293957,0.8961108151305275,1.0617869490858058,0.6244813278008299,0.665733972894777,0.5766667810351519,0.938157261908282,7.262341300025582,0
12,0.2700601653987318,0.8982418753329782,0.6782102906821427,0.7282157676348547,0.7606498401096391,0.7176663446576503,0.9313618167350796,7.255607699975371,0
13,0.2666740476108639,0.8993074054342035,1.0642608133457694,0.6348547717842323,0.6800194152581088,0.6195827320827321,0.9219043399017044,7.350639599957503,0
14,0.2683891857129243,0.8961108151305275,0.5523834174104746,0.7738589211618258,0.795622743425425,0.757192134012588,0.9668396034119864,7.272358999936841,0
15,0.2189367444958531,0.913692061800746,0.7207846687913435,0.7427385892116183,0.7698404227310441,0.7294126638388932,0.9407776951826126,7.32358289998956,0
16,0.2332965170981468,0.9147575919019711,0.6970649737153681,0.7365145228215768,0.7672231697997208,0.7263748288580881,0.9504561260336276,7.267489599995315,0
17,0.1957961447739385,0.9238145977623868,0.832942537128678,0.7116182572614108,0.7421800840794172,0.6941138529103491,0.9426097144800184,7.297861899947748,0
18,0.2073449558068858,0.9243473628129996,1.2056705326371329,0.6410788381742739,0.6881091061367443,0.638449415248348,0.9300136793300916,7.304154600016773,0
19,0.207835517589501,0.923281832711774,1.049653875189389,0.6991701244813278,0.7242147440686866,0.6646890615449568,0.9378935001116292,7.343328000046313,0
20,0.1894413466839696,0.9312733084709643,0.552841705614044,0.7863070539419087,0.8160532377264401,0.7871887936338146,0.9602189264911352,7.267574500059709,0
21,0.1973274276652867,0.9296750133191264,0.5487423753249941,0.7966804979253111,0.8223315316315363,0.797345676903844,0.9503512224196512,7.360105099971406,0
22,0.167498533248298,0.9344698987746404,0.8814907851570993,0.7240663900414938,0.7571729185434394,0.7165183622382623,0.955762813923574,7.364923099987209,0
23,0.1700819381172821,0.938732019179542,0.6803974681282686,0.7551867219917012,0.7861466423024212,0.7484658258669558,0.9566888941551556,7.322534100036137,0
24,0.1774790778668814,0.9371337240277038,0.6169800802879808,0.7904564315352697,0.8136199263095426,0.7810720592839133,0.9592327544944418,7.331645800033584,0
25,0.147783467826941,0.9504528502930208,0.7837503325093645,0.7365145228215768,0.7710712654179991,0.7319783376731337,0.944496678547098,7.337706799968146,0
26,0.1691507540393142,0.9350026638252532,0.8009261343148981,0.7427385892116183,0.7685270376236891,0.7244875649624705,0.9495550645645278,7.292622599983588,0
27,0.1526591705558271,0.9456579648375066,0.8855323454483964,0.7448132780082988,0.7749257651895842,0.733129165809543,0.9572449743066208,7.322488699923269,0
28,0.1420032752119104,0.9493873201917954,0.4842295470759581,0.8257261410788381,0.8284994428386624,0.8285091232754783,0.9551382776841232,7.3111706000054255,0
29,0.1528593438241351,0.9488545551411828,0.8409711537163905,0.7427385892116183,0.7651740186346631,0.7304700007343762,0.938017641206418,7.338991300086491,0
30,0.1451459800041557,0.941928609483218,1.1711082021160926,0.6742738589211619,0.7088727053562915,0.6441426991624739,0.9393759282784276,7.301912099937908,0
31,0.1495137578258504,0.9509856153436336,0.6433760509536413,0.7634854771784232,0.7906578346276838,0.7512445887445888,0.9590028435120552,7.298589600017294,0
32,0.1472012734692593,0.945125199786894,0.6569439930864513,0.7821576763485477,0.8058252712158925,0.772261396378462,0.9593646266043891,7.3971212999895215,0
33,0.1169464234411557,0.9573787959509856,0.5182441126756153,0.8298755186721992,0.8482913896870361,0.825574873486212,0.9664267949292056,7.372442899970338,0
34,0.1405528063911172,0.9509856153436336,1.451688699066809,0.6473029045643154,0.6832838434597228,0.588593484162205,0.9270421220444098,7.320619600010104,0
35,0.1550613887048364,0.9461907298881194,0.4547565370117975,0.8443983402489627,0.8654891207666767,0.845056657539126,0.96705060278084,7.293431299971417,0
36,0.1310750615917499,0.9461907298881194,0.540142278546367,0.8195020746887967,0.8392594877531242,0.8190664153018341,0.956908349503608,7.319186099921353,0
37,0.1281924033393616,0.9568460309003728,0.8125824076857774,0.7261410788381742,0.7618204659661947,0.720974295349799,0.957034274526516,7.265917100012302,0
38,0.12730708851672,0.9547149706979222,0.4212059169018416,0.8589211618257261,0.8763388238274351,0.8617062683289971,0.9674161260907272,7.344968599965796,0
39,0.1217080000778049,0.9568460309003728,0.7275773166597693,0.7697095435684648,0.7965585503273945,0.7617177337685505,0.952822820493509,7.327713700011373,0
40,0.117637791620745,0.960042621204049,0.9728201753401904,0.7406639004149378,0.7702622963301357,0.7257538556602228,0.954224214025832,7.343114400049671,0
41,0.1015256623924572,0.960042621204049,0.5240459198062598,0.8298755186721992,0.8524504425269934,0.8302252739258217,0.9647340046532004,7.345000299974345,0
42,0.1071399500594535,0.9541822056473096,0.5568282463842872,0.8423236514522822,0.8592172310148875,0.837211318785113,0.9682591616944796,7.321916299988516,0
43,0.1282373538948337,0.9557805007991476,0.5440884254992595,0.8153526970954357,0.8395386021014163,0.814352334124511,0.9633913848976936,7.342596199945547,0
44,0.1202816195353333,0.9547149706979222,0.7663526022420323,0.7821576763485477,0.8077032891731384,0.77231828118496,0.9575274993904048,7.285098500084132,0
45,0.1194205478778467,0.9605753862546615,0.9991751197195144,0.7448132780082988,0.7716423024211969,0.7224996514187291,0.958306849112206,7.322975600021891,0
46,0.1185173367209172,0.9568460309003728,0.5930638993429446,0.8049792531120332,0.8281908871744733,0.8016373765628352,0.9608485224907308,7.283893399988301,0
47,0.1250743961550164,0.9573787959509856,0.6494744109797497,0.7904564315352697,0.8177789791494999,0.7891249537095777,0.9613939784314997,7.277689500013366,0
48,0.0980909664340646,0.9632392115077252,0.8423218194557609,0.7551867219917012,0.7825174442020354,0.7439546890115417,0.9553879008658206,7.285510600078851,0
49,0.0984461185585391,0.9659030367607884,0.5896074995678691,0.8236514522821576,0.8480820094525302,0.8224065496736422,0.965110786768185,7.335348399938084,0
50,0.095345834955835,0.97016515716569,0.528275619887001,0.8319502074688797,0.8514639360780111,0.834192202233076,0.9624172948106612,7.301681600045413,0
1,0.8392179641906933,0.6280454791553871,0.8119841003790498,0.68359375,0.6036273627362737,0.584269014134217,0.8792352776651132,7.319413400022313,1
2,0.6940234674268887,0.699512723335138,0.6109241440426558,0.73828125,0.6827572757275728,0.690933843007714,0.9321743135620548,7.253272999892943,1
3,0.6344751727277677,0.734163508391987,0.5922679854556918,0.791015625,0.739012901290129,0.7493992809630493,0.915719522606866,7.242871499969624,1
4,0.6199198323904532,0.7352463454250135,0.5563841219991446,0.767578125,0.6805340534053405,0.6627799099600581,0.9487785364774024,7.254784499993548,1
5,0.507379790900137,0.7845154304277207,0.4266175692901015,0.8359375,0.7824542454245424,0.7912526571708609,0.9559871856921998,7.2531011999817565,1
6,0.4763463878218522,0.8148348673524635,0.3860957194119692,0.853515625,0.8181728172817282,0.8314200574906963,0.9661759899926144,7.257328400039114,1
7,0.4479669257958127,0.8218733080671359,0.6157426444115117,0.796875,0.7013276327632764,0.6748483397190294,0.9448238726112343,7.286720099975355,1
8,0.4071653973720625,0.8413643746616134,0.8584157261939254,0.68359375,0.6084608460846085,0.6001403785834923,0.9613199061378676,7.246921400073916,1
9,0.3457502718706291,0.8608554412560909,0.7042725627834443,0.7265625,0.6502850285028502,0.6455223024882467,0.9667128619550596,7.304843400022946,1
10,0.3586948145449193,0.8581483486735246,0.2992328340187669,0.876953125,0.853090309030903,0.8610959687518047,0.9765294079614436,7.299538999912329,1
11,0.3500053377758508,0.8668110449377369,0.3311748448759317,0.859375,0.8465031503150314,0.8511502732744365,0.9759514218615668,7.289032699889503,1
12,0.3198632230194569,0.8754737412019491,0.3241838079993613,0.86328125,0.8016141614161416,0.8127184293923354,0.9851827110486872,7.297376599977724,1
13,0.3144716592369431,0.8776394152680022,0.2265205058502033,0.912109375,0.90472697269727,0.9036373638493672,0.9865426886842604,7.315434899996035,1
14,0.2927413023705733,0.8879263670817542,0.4186657696845941,0.826171875,0.7523522352235222,0.75710124405891,0.985918272558988,7.276219199993648,1
15,0.2805616439970106,0.8949648077964266,0.2057985963183455,0.92578125,0.9067491749174916,0.9151623947237107,0.9906869757056443,7.273715700022876,1
16,0.2397716845056464,0.9122902003248512,0.2481128777144476,0.8984375,0.8658205820582058,0.8814948758118527,0.9876325577194032,7.283139800070785,1
17,0.2689986097922374,0.8922577152138603,0.2192163763102144,0.90625,0.8765121512151214,0.8881791702837551,0.98791271158661,7.293261799961328,1
18,0.2637993569269526,0.9030860855441256,0.2400122455437667,0.896484375,0.8708895889588959,0.8810606401150102,0.9870458948162324,7.27510099997744,1
19,0.2665365731467669,0.8971304818624797,0.2869119630049681,0.880859375,0.8261431143114311,0.8414462228591796,0.9885921770925102,7.238583900034428,1
20,0.2444948828464014,0.905793178126692,0.4201359082944691,0.83203125,0.8506570657065707,0.824980046413491,0.977722969581318,7.250418300041929,1
21,0.2320903888507733,0.9047103410936654,0.1924754103529267,0.919921875,0.8936498649864987,0.9046507182527334,0.9919036789308168,7.277366800000891,1
22,0.1992113883423043,0.926367081754196,0.2663686509549734,0.8828125,0.8291899189918993,0.8439173450325265,0.9906612089651432,7.293567000073381,1
23,0.2070079792551111,0.9193286410395236,0.3702053929737303,0.86328125,0.8127047704770477,0.8307041207287513,0.9863179350716264,7.256809099926613,1
24,0.2156863959257061,0.92041147807255,0.3624534616028541,0.857421875,0.8160516051605161,0.8351198892754272,0.9926711838298012,7.257165299961343,1
25,0.2132228501887339,0.9209528965890632,0.1895571577042574,0.91796875,0.8877932793279327,0.9016626400466062,0.992222983383576,7.272232200019062,1
26,0.1968096482734391,0.9231185706551164,0.2300323079834925,0.90234375,0.864947494749475,0.8808034182232328,0.991914955207976,7.281775899929926,1
27,0.1868387839490165,0.926367081754196,0.2002744522760622,0.91015625,0.8771182118211821,0.892181248218495,0.9943334677390188,7.298922799993306,1
28,0.188463385508844,0.9231185706551164,0.2206295540963765,0.921875,0.8939528952895289,0.9084415354205376,0.9927778654916342,7.2484563998878,1
29,0.1928297949034133,0.930698429886302,0.2702858998163719,0.888671875,0.8409915991599161,0.8564401485103229,0.9913674329059328,7.227024599909782,1
30,0.1775489472110948,0.9371954520844612,0.164057774702087,0.931640625,0.9103855385538554,0.922452739513684,0.995087502775962,7.2354407999664545,1
31,0.1682289294539494,0.9388197076340012,0.2557830323057715,0.892578125,0.847085208520852,0.8639523068618423,0.992640577020648,7.231582899927162,1
32,0.173030958769608,0.9350297780184084,0.1515929900197079,0.9375,0.9277737773777378,0.9319813897787764,0.9949743427177798,7.279036300024018,1
33,0.1807160619374023,0.9317812669193286,0.2040191859123297,0.923828125,0.900991599159916,0.9126102330370623,0.9920119586562374,7.260516399983317,1
34,0.1743624373729899,0.9334055224688684,0.5048662803474144,0.82421875,0.745016501650165,0.7440201829736713,0.9837169819302216,7.277454299968667,1
35,0.1745633644207658,0.9334055224688684,0.155259896244388,0.92578125,0.9066996699669968,0.9150266113305656,0.9945207919554964,7.239234699984081,1
36,0.1758457224434882,0.9296155928532756,0.3709380517466343,0.861328125,0.811038103810381,0.8276103124486259,0.9888213058463728,7.243361500091851,1
37,0.1533513984763435,0.9404439631835408,0.19657608520356,0.9296875,0.916983198319832,0.9215679909719934,0.9905582201145376,7.275019000051543,1
38,0.1215473514959885,0.9561451001624256,0.192622735601617,0.919921875,0.8921872187218721,0.9036626419669306,0.9929072767814354,7.252336699981242,1
39,0.1491065339125293,0.9474824038982134,0.2409365939965937,0.8984375,0.8684983498349834,0.8811980773932673,0.9891319216224056,7.224509499967098,1
40,0.1708181366752016,0.936654033567948,0.4016700132924597,0.85546875,0.7935838583858384,0.8042389386435226,0.9877541442340968,7.276829099981114,1
41,0.1545185223826861,0.9453167298321604,0.2412299231218639,0.9140625,0.9093024302430244,0.9082618638965788,0.9894199661276636,7.265994200017303,1
42,0.1790412136136226,0.9361126150514348,0.1607190381837426,0.93359375,0.9134323432343234,0.9238197204615114,0.9949516377834962,7.245063800015487,1
43,0.1448487022586074,0.944775311315647,0.2374574322093394,0.9140625,0.8872862286228623,0.9013203225218072,0.992782763941277,7.262626099982299,1
44,0.1443716856228963,0.9469409853817,0.1791829150606645,0.927734375,0.9070687068706872,0.9159413507239594,0.9925200744816156,7.324196200002916,1
45,0.1426457871310312,0.9501894964807795,0.2024936082270869,0.912109375,0.8855370537053705,0.895743773951721,0.99154971554107,7.250318699982017,1
46,0.1478079432812199,0.942609637249594,0.3224571474456752,0.884765625,0.8722277227722772,0.8796202035907662,0.9896783670071018,7.301184299984015,1
47,0.1437272009740794,0.9436924742826204,0.1267840618847913,0.951171875,0.9461266126612662,0.9473359627998028,0.9960494357553972,7.291515400051139,1
48,0.1477033865971376,0.9463995668651868,0.1917154642724199,0.921875,0.8911431143114311,0.9043185993437644,0.9947800329827436,7.281643100082874,1
49,0.1333797603046887,0.9480238224147266,0.2162570631626295,0.900390625,0.870148514851485,0.8809671717058642,0.989321867969268,7.264783399994485,1
50,0.1317900686278237,0.951272333513806,0.2289884771889774,0.919921875,0.8921872187218721,0.906935588149538,0.990464619531006,7.238701299997047,1
1,0.8254413182899698,0.6200417536534447,1.468812057449909,0.45372460496614,0.3455284552845528,0.2292256142963514,0.8272966170851065,7.449897499987855,2
2,0.7056940494101331,0.6946764091858038,0.8178042706194635,0.6523702031602708,0.6357053515590101,0.6078514330332792,0.8823783107481598,7.311552200000733,2
3,0.6141069135735577,0.7364300626304802,0.6747590863139581,0.6884875846501128,0.6195032609666756,0.6317616414253849,0.9138929276379992,7.3882066999794915,2
4,0.5611493666510492,0.7729645093945721,0.6230575457787138,0.7358916478555305,0.7567557104142469,0.7244213223166511,0.9282209386522114,7.376483500003815,2
5,0.5120905271900472,0.785490605427975,0.9070852061031432,0.6501128668171557,0.6062881562881562,0.6031319516519819,0.9239155950610752,7.367201499990188,2
6,0.4735523615973478,0.8168058455114823,0.4519446582342109,0.8194130925507901,0.8096637779564609,0.8047719795071059,0.9537485609929828,7.342793799936771,2
7,0.4378887600963449,0.8324634655532359,0.5358155201237573,0.7855530474040632,0.7224023943536139,0.7363490185488472,0.9489190832581754,7.361426300019957,2
8,0.3828389298069701,0.8522964509394572,0.4395653239491293,0.8171557562076749,0.815697310819262,0.7973161536210643,0.9598022884264168,7.300221299985424,2
9,0.371154805190379,0.8549060542797495,0.8106397817050092,0.6997742663656885,0.6390541707614878,0.6406374763849674,0.938048014674396,7.354845799971372,2
10,0.3586568134313834,0.8543841336116911,0.6519949311562908,0.7742663656884876,0.6951413085559427,0.6996985795171055,0.9562747964207894,7.349996299948543,2
11,0.3118434673435752,0.8721294363256785,0.3832361103113295,0.8397291196388262,0.7847240835045713,0.7950119702283307,0.9553931783248072,7.298942600027658,2
12,0.3084807091067877,0.8768267223382046,0.4123824816911942,0.8397291196388262,0.8144152595372107,0.8280335405335405,0.9714742649931752,7.351772500085644,2
13,0.2814738484165613,0.8872651356993737,0.3124292774996289,0.8826185101580135,0.8468938920158432,0.8600407867612425,0.9768702137838255,7.304547299980186,2
14,0.2724290209548209,0.8924843423799582,0.3489923260214636,0.8555304740406321,0.873484916167843,0.8426823777940834,0.9789784873584834,7.354596100049093,2
15,0.2557466982675245,0.9044885177453028,0.3562393765013589,0.8600451467268623,0.797852824682093,0.8155863644087115,0.9742211992368692,7.343794399988837,2
16,0.2558328665497407,0.9065762004175364,0.2919318949126767,0.8871331828442438,0.8306262842848208,0.848811668057813,0.9821466739005844,7.315056400024332,2
17,0.2296323166821844,0.9112734864300628,0.3095455013602367,0.8826185101580135,0.8827064534381607,0.8675285538145614,0.9755647818474776,7.338219200028107,2
18,0.2218152607532533,0.9107515657620042,0.2740070154011653,0.8984198645598194,0.8498213168944876,0.8673106452393161,0.983388365699686,7.316942200064659,2
19,0.2116028003721247,0.9180584551148224,0.367013150897575,0.8645598194130926,0.8761309151553055,0.8530707445462206,0.9749247927534604,7.381449399981648,2
20,0.2243039487610281,0.9159707724425888,0.4137178451226473,0.8442437923250564,0.8058935644301498,0.8211777932492715,0.9738064177587156,7.391634800005704,2
21,0.2058830142083397,0.9164926931106472,0.6356378623681735,0.7855530474040632,0.7717770034843205,0.7792926460489186,0.9699205684637068,7.420667200000025,2
22,0.2191865232176223,0.9133611691022964,0.2441183367983751,0.90744920993228,0.9002233538818905,0.8942699416314931,0.9826212650085788,7.323043700074777,2
23,0.1934120359214213,0.9295407098121086,0.6049547488748623,0.7652370203160271,0.800579231067036,0.7561374001928008,0.9646342523755196,7.340453200042248,2
24,0.1852204614554168,0.9316283924843424,0.2677654191414336,0.8826185101580135,0.8633491170076536,0.8631638932679394,0.9803397622698,7.343044699984603,2
25,0.1831467088179698,0.9305845511482256,0.4659366218286985,0.8419864559819413,0.7625524881622443,0.7797199046621679,0.9770170668705918,7.340610799961723,2
26,0.2002702554326216,0.9227557411273486,0.2519726458238963,0.9142212189616252,0.9085767890645938,0.9007585377676672,0.98118418121059,7.38231260003522,2
27,0.1925984884384778,0.930062630480167,0.2179343740436885,0.9255079006772008,0.908411507191995,0.9102690848366738,0.9847631595406032,7.289802900049835,2
28,0.1740269337728277,0.9363256784968684,1.1324543945674477,0.6884875846501128,0.6440602757675928,0.6529348734154227,0.9608074048668716,7.362291300087236,2
29,0.1749029684819607,0.9352818371607516,0.3015474089785031,0.8893905191873589,0.8578292980732005,0.8665183310238285,0.9757600052622508,7.404983600019477,2
30,0.1589729685748544,0.9431106471816284,0.2401379545978176,0.9051918735891648,0.8697951100390124,0.8845499458934811,0.9848487039814794,7.41134319989942,2
31,0.154385912346815,0.9410229645093946,0.8816778499332969,0.7584650112866818,0.6996336996336997,0.7122642428034492,0.9676557513376394,7.403208800009452,2
32,0.1598131802236362,0.9420668058455116,0.2880018503062477,0.9142212189616252,0.8882500967866821,0.900750987356835,0.981245111612598,7.405215800041333,2
33,0.1344604397927545,0.9519832985386222,0.3316103719242135,0.8690744920993227,0.849867476696745,0.8531733660422187,0.9797683638303292,7.373573199962266,2
34,0.1523489196374546,0.94258872651357,0.272278538024217,0.9029345372460496,0.8719541975639538,0.8820731142712567,0.9832121374330915,7.344786699977703,2
35,0.1508699311001813,0.9446764091858038,0.2903185475924584,0.8893905191873589,0.8471782959587838,0.862769894370512,0.9809149896425176,7.374297200003639,2
36,0.1317300303432787,0.9488517745302714,0.2442269985717521,0.909706546275395,0.8761190029482712,0.8878658709860757,0.9829590082962943,7.348425399977714,2
37,0.1233329562614195,0.9545929018789144,0.2517041372677677,0.9164785553047404,0.88737752762143,0.8968434140798127,0.983588729904168,7.333061399986036,2
38,0.1400510444459437,0.9410229645093946,0.3789754366695578,0.8871331828442438,0.8545072813365496,0.871264179971304,0.9799549775473476,7.379091199953109,2
39,0.1497780200023989,0.947286012526096,0.4312558047322064,0.8577878103837472,0.8074376842669526,0.8262507246327294,0.9745476265389084,7.385303400107659,2
40,0.1109192539045357,0.963465553235908,0.3232975861911176,0.9006772009029346,0.862181720718306,0.8781312600890755,0.9813330632383908,7.386703399941325,2
41,0.1268679193203533,0.9556367432150312,0.2835982166773074,0.91196388261851,0.8765359301944669,0.8922260737798752,0.9846854067408364,7.337849000003189,2
42,0.1375867882296287,0.9509394572025052,0.4331571681269404,0.873589164785553,0.8171446439739123,0.8363293402468011,0.9781571006202217,7.333491299999878,2
43,0.1385837404333475,0.9498956158663884,0.2379769479717142,0.9187358916478556,0.9010214717531791,0.899882697318323,0.9850028360664712,7.368882899987511,2
44,0.121392171106657,0.9509394572025052,0.2725537963228355,0.9051918735891648,0.8781842818428185,0.8881334351922586,0.98145385489355,7.33738679997623,2
45,0.1192810905315681,0.9572025052192068,0.2595586351394384,0.90744920993228,0.8727940081598619,0.885506589490005,0.9836641310224392,7.311186900013126,2
46,0.1157842264792615,0.9561586638830898,0.2574804607520203,0.9051918735891648,0.8717278656303047,0.8806530200778472,0.986258146050186,7.339636499993503,2
47,0.1222194499629773,0.9545929018789144,0.2931711859454487,0.8961625282167043,0.8481119151850859,0.867979242979243,0.9854718261233651,7.339250599965453,2
48,0.1261500760695132,0.9493736951983298,0.2909869508666425,0.9006772009029346,0.8808928199172102,0.8845594932601136,0.980862103824689,7.361199699924327,2
49,0.1219813060248756,0.9545929018789144,0.2927535629366644,0.8984198645598194,0.8556314958753983,0.8744695013106033,0.9848354393998164,7.3140534000704065,2
50,0.1234223449715492,0.9504175365344468,0.3078107096687901,0.8939051918735892,0.8447898984484351,0.8629590674439006,0.9839009936653644,7.373751800041646,2
1,0.8475150988386217,0.6063372717508055,1.443251955257335,0.4788732394366197,0.3862145915856679,0.3107526818525873,0.8650810451927519,7.332771999994293,3
2,0.7141193172601317,0.6842105263157895,0.6591384436043215,0.7364185110663984,0.7676636411895088,0.7409356610946206,0.911997079854568,7.248779500019737,3
3,0.6564822403752074,0.7110633727175081,0.5881072673459408,0.7605633802816901,0.77460743892998,0.7552005634899671,0.92809687925928,7.319854700006545,3
4,0.5762803296205437,0.7588614393125671,0.5377489185069408,0.7706237424547284,0.7520649845778741,0.7377492634296372,0.943710611758438,7.327085700002499,3
5,0.5291330815642016,0.7808807733619764,0.8219778851101875,0.6559356136820925,0.6545045557747294,0.6197433357712104,0.9336750748900072,7.267246800009161,3
6,0.5042216800849496,0.7851772287862513,0.4060614166005516,0.8289738430583501,0.846913646441529,0.8309987181944245,0.9590551581797864,7.320731000043452,3
7,0.4753881652232271,0.8029001074113856,0.3977065175112104,0.8470824949698189,0.8339546394778207,0.8429086338111476,0.964780617010054,7.328193100052886,3
8,0.4163470660705443,0.8394199785177229,0.4870928949273568,0.7907444668008048,0.8004230776587216,0.7845393725386014,0.9601930867894372,7.266153799952008,3
9,0.3959557683748282,0.841031149301826,0.4398761896615177,0.8269617706237424,0.832197485991216,0.8207161981258366,0.9696175532155672,7.290628799935803,3
10,0.3847345609926128,0.8490870032223415,0.7322735249784436,0.7243460764587525,0.6782573264113276,0.6638915978692931,0.972061990345236,7.314300199970603,3
11,0.3744204316116173,0.8523093447905478,0.2616822847298213,0.9134808853118712,0.9102153829945544,0.906665805572403,0.9864430220389218,7.346727100084536,3
12,0.3117344047149961,0.8748657357679914,0.5328111837672396,0.7625754527162978,0.7283437260621545,0.6957540599201099,0.9801514663050463,7.313250699895434,3
13,0.3050217819905306,0.8813104189044039,0.5820893169993486,0.778672032193159,0.7595650261237049,0.7372719093038902,0.978699892925532,7.298198800068349,3
14,0.3054934404270221,0.8807733619763695,0.2585787916297404,0.8993963782696177,0.9060212921600038,0.8957232012009321,0.987611091528338,7.2940211000386626,3
15,0.294652039187167,0.8796992481203008,0.3004883527905648,0.8913480885311871,0.8959563834620626,0.8863749962157762,0.9869708673733708,7.324829799938016,3
16,0.2884365869836059,0.8909774436090225,0.2738883774465238,0.9074446680080482,0.904052490100334,0.8989382432370204,0.9892229393200678,7.262149299960583,3
17,0.2624856263847279,0.9044038668098818,0.2492636832552896,0.9054325955734408,0.9202293392582392,0.9074878541114724,0.9896327077660556,7.31409789994359,3
18,0.2453294036595829,0.9001074113856069,0.4281459662208794,0.8309859154929577,0.825533848250795,0.8161365508287363,0.9847712693717434,7.32137799996417,3
19,0.2374924838094783,0.9146079484425348,0.2007025130377928,0.937625754527163,0.940143118332874,0.9341440084075427,0.9926839432381972,7.305976800038479,3
20,0.2436683456444458,0.9022556390977444,0.2397678492279719,0.9014084507042254,0.894440195795311,0.8942365136261948,0.988702612365702,7.31573169992771,3
21,0.2478235978893255,0.9049409237379162,0.2046620630372458,0.93158953722334,0.925992765067889,0.9283414511035994,0.993205561494138,7.331803299952298,3
22,0.221945158328969,0.9140708915145004,0.1586083162058767,0.943661971830986,0.945086445116076,0.9420604002016154,0.9938881819312408,7.263260299921967,3
23,0.253706821085431,0.9033297529538132,0.1796540279293683,0.943661971830986,0.9397474138896024,0.9390022137887412,0.9913699813616456,7.314267400070094,3
24,0.2137764105863397,0.9210526315789472,0.2016674585835315,0.9275653923541248,0.9324626267814148,0.9246708218388456,0.9923455603192044,7.259727600030601,3
25,0.1990268150410513,0.9264232008592912,0.1805774986264211,0.9396378269617708,0.9420822895923148,0.938698239187526,0.9917003241012728,7.316643300000578,3
26,0.213397050150355,0.9189044038668098,0.1880926775560532,0.9396378269617708,0.943704928652482,0.9383973769857809,0.9915058177540516,7.323940300033428,3
27,0.1880261517548983,0.9291084854994628,0.1501796206747981,0.9617706237424548,0.9625648546099724,0.9593358136128988,0.9936499971982437,7.243898299988359,3
28,0.172649746838753,0.9377013963480128,0.1877312250060574,0.943661971830986,0.9477245269967944,0.942174669756504,0.9926614531545797,7.253702500020154,3
29,0.2164162928128473,0.9210526315789472,0.152618211639719,0.9496981891348087,0.9489514616136902,0.9479465576101308,0.9932496577844252,7.316323200007901,3
30,0.2020310140770052,0.9269602577873256,0.266141638763144,0.8993963782696177,0.8939195403055704,0.8905720432474157,0.9896504200698152,7.24354629998561,3
31,0.1920404182917065,0.9317937701396348,0.1795812276542426,0.9336016096579476,0.9370028806154678,0.9304049333719584,0.9929745432417482,7.267999600037001,3
32,0.1959819259756233,0.9178302900107412,0.1707917583330536,0.9537223340040242,0.9547297812118152,0.951292322781228,0.9930632592841552,7.291850200039335,3
33,0.1923217371378242,0.9328678839957036,0.1494300185179926,0.9678068410462776,0.9681205512645766,0.9654672694926548,0.9933660333842784,7.268304400029592,3
34,0.196374492637741,0.9226638023630503,0.1551370219265671,0.9496981891348087,0.9492236260009802,0.9467431619610952,0.9935427553079268,7.316530099953525,3
35,0.1530811406680003,0.9387755102040816,0.1559933735698581,0.9496981891348087,0.9509823472547926,0.946487976659666,0.9933984834920538,7.269521000096574,3
36,0.1484532055998207,0.9462943071965628,0.2492536358400369,0.93158953722334,0.939591421052417,0.9305967143365518,0.9907791856062892,7.351986899971962,3
37,0.178562766819328,0.9339419978517725,0.1922482804280951,0.93158953722334,0.9254587835568812,0.9257517738811112,0.9921885652237664,7.254551199963316,3
38,0.1602800947751061,0.945220193340494,0.1830341096895314,0.9396378269617708,0.9322784141344874,0.9363047536029746,0.992249714701936,7.305179600021802,3
39,0.1658435731798122,0.9468313641245972,0.1680583795551323,0.9496981891348087,0.9515215023975864,0.9487240430206144,0.9918110670086878,7.258262099931017,3
40,0.1349753376044469,0.9489795918367347,0.1905263169411892,0.9456740442655936,0.9469627489104804,0.942487547751238,0.9907330095061548,7.303055600030348,3
41,0.1286642018047378,0.949516648764769,0.2170486763359555,0.9275653923541248,0.9294162983197612,0.9263948583105522,0.989563409171576,7.281130200019106,3
42,0.1117932267575079,0.959720730397422,0.2185663741674101,0.9416498993963782,0.9445657896263352,0.9410259280431728,0.9904587039600634,7.270326900063083,3
43,0.1178314244068526,0.9554242749731472,0.1980101581760335,0.9396378269617708,0.9382298152323636,0.9363147879525212,0.9912404951399196,7.278953699977137,3
44,0.127903676018615,0.9500537056928036,0.217391816603106,0.9336016096579476,0.939164674818429,0.9338178427040116,0.9916574933876658,7.264284299919382,3
45,0.1445718285348566,0.9500537056928036,0.1640455761898151,0.9396378269617708,0.9404596505321472,0.9380614605096754,0.9923729444471568,7.308730099932291,3
46,0.1610490120507208,0.9414607948442536,0.1909171548827553,0.9496981891348087,0.9515215023975864,0.9476250819836468,0.9918557031886968,7.310140099958517,3
47,0.142670907096179,0.9457572502685284,0.1438388167055964,0.9537223340040242,0.9519556171374516,0.9510843407155112,0.9933167230018032,7.345036800019443,3
48,0.1432676641015429,0.950590762620838,0.2236472520400101,0.921529175050302,0.9247399622920632,0.921756347542511,0.9897645264833256,7.329822600004263,3
49,0.112034990963407,0.9591836734693876,0.1813812531808192,0.9517102615694164,0.9516390849381784,0.9493838408957572,0.9915530444524476,7.316547099966556,3
50,0.1218743702650838,0.9543501611170784,0.2050612329915765,0.9396378269617708,0.9392452580529148,0.935877863396372,0.9909245092055432,7.35276649997104,3
1,0.8706309339253091,0.6059979317476732,0.6953996074900908,0.7105882352941176,0.6707735168206735,0.6604315164188052,0.8597916488075708,7.450384699972346,4
2,0.6910630330181418,0.7026887280248191,0.6549191463694853,0.72,0.7099447016229264,0.6900684054109449,0.8909481667833697,7.374055300024338,4
3,0.638274942706758,0.7218200620475698,0.6758160442464491,0.6847058823529412,0.5638981453128471,0.5783716115529535,0.9081095150799272,7.333771400037222,4
4,0.5704926356534553,0.765770423991727,0.5210049623601577,0.76,0.6455860367094763,0.6790725754656391,0.9236234937951484,7.4294005000265315,4
5,0.5456084845107985,0.7828335056876939,0.4837822584106642,0.7670588235294118,0.6990723562152134,0.6731377389961221,0.949759206852574,7.355460199993104,4
6,0.5041301454481936,0.8071354705274043,0.5255441689491271,0.7811764705882352,0.8289256744180461,0.7727309727309728,0.9555528466990976,7.420350599917583,4
7,0.4607900328078955,0.8205791106514995,0.5362937625322272,0.7647058823529411,0.7303648732220162,0.7018130752936721,0.954128526676774,7.440446999971755,4
8,0.4365159415841226,0.8257497414684591,0.2829366865228204,0.8776470588235294,0.8414371573872268,0.842364326172822,0.97430680149395,7.386496899998747,4
9,0.3953241249767922,0.8422957600827301,0.9770866277770084,0.6188235294117647,0.699443413729128,0.6296846426326476,0.9457937724422928,7.408697499893606,4
10,0.387822884838978,0.8386763185108583,1.0842189728819271,0.56,0.6030921459492888,0.5500997472848265,0.9447373207940842,7.408927100012079,4
11,0.3369191788529906,0.8619441571871769,1.4201218905765562,0.5129411764705882,0.5580705009276438,0.4953662785251162,0.9444519932515324,7.428923900006339,4
12,0.3232921656556312,0.8743536711478801,0.5646735911882099,0.788235294117647,0.8241187384044527,0.7818461361335006,0.9713527193169412,7.418601899989881,4
13,0.3181516062757222,0.8846949327817993,0.5263386023176067,0.7952941176470588,0.8471038900997292,0.7833707977891269,0.9769158219292444,7.357567099970765,4
14,0.3010335461214385,0.8867631851085832,0.4723364311149892,0.8070588235294117,0.8379715522572666,0.793645737750213,0.979898045115374,7.374655000050552,4
15,0.3110271780419374,0.8784901758014477,0.309416462393368,0.8917647058823529,0.8721088435374149,0.8620226155471206,0.979602638934069,7.346238899976015,4
16,0.2596309808041465,0.8971044467425026,0.3202190337132882,0.8705882352941177,0.8539270253555968,0.8419404535346565,0.9852021158056004,7.319907100056298,4
17,0.2449288186544962,0.907445708376422,0.2457870983924059,0.8941176470588236,0.8886215033233064,0.8692290316415007,0.9856924173942432,7.357281900011003,4
18,0.2411683824649148,0.907445708376422,0.2461276195110643,0.9105882352941176,0.9170488318893312,0.8934624628316202,0.9876729708588676,7.37142280000262,4
19,0.2309633584879916,0.9136504653567736,0.6319892712156562,0.7576470588235295,0.7719029006130255,0.7299750049935372,0.9690874131214778,7.413745699916035,4
20,0.2419826320633523,0.9157187176835574,0.2145720696975203,0.9176470588235294,0.9051954056114944,0.8981154726625576,0.987312887587764,7.305093900067732,4
21,0.2206145265479615,0.9110651499482936,0.3581722076401553,0.8494117647058823,0.8535559678416821,0.8383081811040114,0.9848136153717064,7.360664100036956,4
22,0.2274715331958023,0.907962771458118,0.3053511584057089,0.88,0.8712430426716141,0.8601742786124555,0.9864680637787911,7.344806399894878,4
23,0.2037131672468895,0.921406411582213,0.719762838475461,0.7576470588235295,0.7470624613481757,0.7243197738977645,0.9724647692305056,7.382604500046,4
24,0.2102581797920807,0.9239917269906928,0.2587376910009805,0.8988235294117647,0.8565040137855672,0.8693811628026363,0.986143344980667,7.366358199971728,4
25,0.185039851664264,0.9291623578076526,0.2735332403156687,0.8847058823529412,0.8931774651608215,0.867123822294423,0.988325319150801,7.350138599984348,4
26,0.1918930445163055,0.9234746639089968,0.2109442778019344,0.9270588235294116,0.9031347755342208,0.9040936822144808,0.9845781475692456,7.394302600063384,4
27,0.2336778275845832,0.9126163391933816,1.285193190390573,0.6376470588235295,0.6628324056895486,0.626882016983065,0.9579353739461204,7.382255499949679,4
28,0.2083615607812214,0.9198552223371252,1.0821522671935109,0.6588235294117647,0.6780457637600494,0.6446674098848012,0.9699107282102956,7.375439699972048,4
29,0.1870164270854662,0.9317476732161324,0.2727527850636226,0.903529411764706,0.8781286212631567,0.8800926256448496,0.9883935230960332,7.36549980007112,4
30,0.1957778845313693,0.9317476732161324,0.3088051738085992,0.8823529411764706,0.8440117441504404,0.8406385281385281,0.9855838244195244,7.370277700014412,4
31,0.1628878592612701,0.9332988624612204,0.376562571816749,0.8658823529411764,0.877922077922078,0.8513022361320592,0.9843767381359264,7.359616699977778,4
32,0.185972110777631,0.93846949327818,0.2470899536003194,0.903529411764706,0.9078132223763292,0.8865558563991187,0.989641474341614,7.339418700081296,4
33,0.183084937307556,0.9286452947259566,0.1307934065535664,0.9505882352941176,0.9390853252156997,0.9355637503785652,0.9936457434092943,7.362803800031543,4
34,0.1640995226361266,0.940020682523268,0.240749271735275,0.9105882352941176,0.8951768527357986,0.8895091836268306,0.9899092904708752,7.388341199955903,4
35,0.1797938852300318,0.9353671147880042,0.1447541966683724,0.9505882352941176,0.9234600812964198,0.930277923135066,0.9916894980688812,7.374361699912697,4
36,0.1833989528829334,0.9327817993795244,0.2428342143374988,0.9152941176470588,0.9068033215051248,0.8934297048000973,0.98776117465101,7.369332699920051,4
37,0.153330131918346,0.937952430196484,0.3417266122799586,0.8682352941176471,0.8880246891342591,0.8486009984797961,0.9848731830685096,7.346905400045216,4
38,0.1485239631768928,0.938986556359876,0.23845801681061,0.9058823529411764,0.9176060185768924,0.8884998118720085,0.9903955489137448,7.333467799937352,4
39,0.1573479157230106,0.9426059979317476,0.4776867632504881,0.8447058823529412,0.8589573163775661,0.8358962958285757,0.9831284565661482,7.3365424000658095,4
40,0.1747944581533292,0.9312306101344364,0.3092326504646746,0.8823529411764706,0.9025980030140918,0.8697313404790535,0.9903600218691704,7.335467600030824,4
41,0.1534722130495242,0.9441571871768356,0.4929714634587221,0.8211764705882353,0.8408175273639906,0.7979304614781095,0.9791575227670772,7.411862999899313,4
42,0.1528247706399462,0.9405377456049638,0.1764690704928601,0.9435294117647058,0.9498459931192248,0.9352365396955026,0.9926328669898008,7.395965499919839,4
43,0.1558873330502007,0.9457083764219236,0.1804155894779764,0.9270588235294116,0.9190698344651188,0.9044954183807676,0.9911806102880676,7.351114200078882,4
44,0.1451528585268398,0.9410548086866598,0.3935698412410121,0.8776470588235294,0.8880030741334486,0.8577444463578173,0.9864597950617908,7.354728100006469,4
45,0.1554673800115871,0.939503619441572,0.1199046065220061,0.9576470588235294,0.9494136931030136,0.9472133872543136,0.9958339127434398,7.38408770004753,4
46,0.1296457515445835,0.953981385729059,0.2716787963229067,0.9011764705882352,0.9197290919898408,0.8854454850335216,0.9916319838311616,7.333235800033435,4
47,0.1415474574777924,0.9477766287487074,0.2507990596131147,0.8941176470588236,0.910493482476839,0.8768715844048258,0.9919989694637183,7.419502599979751,4
48,0.1416626025719381,0.9488107549120992,0.2084271904831642,0.9152941176470588,0.9005565862708721,0.8956974801938863,0.9950472239728376,7.389465500018559,4
49,0.1296970680194224,0.9482936918304034,0.3084466293629478,0.8917647058823529,0.9033425197086778,0.8718616796370576,0.9874804268585186,7.399289899971336,4
50,0.1297812724145054,0.9488107549120992,0.2613881473293911,0.9129411764705884,0.9021645021645024,0.8962583567639896,0.9926383752603168,7.408807900035754,4
